{"loss/val_acc":0.27281615138053894,"loss/train_acc":0.2894251346588135,"lr":0,"val/accuracy_metric":0.5458715596330275,"loss/val_total":0.48757073283195496,"loss/val_lat":0.1868133395910263,"_timestamp":1.7634633700775573e+09,"loss/train":0.327680766582489,"_runtime":348.853290034,"loss/train_total":0.327680766582489,"val/auc":0.4759620509540561,"_wandb":{"runtime":348},"loss/val_price":0.027941245585680008,"loss/train_lat":0.03611702471971512,"loss/train_price":0.0021386139560490847,"loss/epoch_avg":0.3819666822629845,"_step":305}