{"loss/train_acc":0.33601826429367065,"_timestamp":1.7634637416856773e+09,"loss/val_price":0.015221787616610527,"loss/val_total":0.4078517258167267,"lr":0,"_wandb":{"runtime":124},"loss/train":0.6342089176177979,"val/auc":0.5613026819923371,"loss/val_lat":0.04223630949854851,"_step":150,"loss/train_lat":0.2596237063407898,"val/accuracy_metric":0.6181818181818182,"_runtime":124.332456252,"loss/val_acc":0.3503936529159546,"loss/train_price":0.038566939532756805,"loss/train_total":0.6342089176177979,"loss/epoch_avg":0.4412340910538383}