{"val/auc":0.5630660258771392,"loss/epoch_avg":0.3829466661903774,"_wandb":{"runtime":2677},"loss/train_acc":0.27351731061935425,"loss/train_lat":0.10252849012613297,"val/accuracy_metric":0.5735,"_step":2810,"loss/train":0.3820730745792389,"loss/train_price":0.006027291063219309,"_runtime":2677.057664708,"loss/train_total":0.3820730745792389,"_timestamp":1.7634620263514342e+09,"loss/val_lat":0.052745379507541656,"loss/val_acc":0.3591209948062897,"lr":0,"loss/val_total":0.41852906346321106,"loss/val_price":0.006662688218057156}