{"loss/train_total":0.466948539018631,"loss/train":0.466948539018631,"_step":488,"loss/train_price":0.002392439404502511,"loss/train_acc":0.4209326505661011,"lr":0,"loss/epoch_avg":0.5495301758676496,"_wandb":{"runtime":225},"_timestamp":1.7634543802021232e+09,"_runtime":225.513180079,"loss/train_lat":0.04362345486879349}