{"loss/train_acc":0.40087753534317017,"loss/val_price":0.005100086331367493,"loss/train_total":0.4509686827659607,"loss/epoch_avg":0.41399423176887906,"_step":120,"lr":0,"_wandb":{"runtime":140},"loss/val_acc":0.41548478603363037,"_runtime":140.915914658,"loss/train_price":0.009466675110161304,"loss/val_lat":0.07578865438699722,"val/auc":0.5042571306939123,"loss/train":0.4509686827659607,"loss/train_lat":0.0406244657933712,"loss/val_total":0.4963735342025757,"val/accuracy_metric":0.6545454545454545,"_timestamp":1.763458826700189e+09}