{"_runtime":111.425248341,"loss/val_total":0.4212645888328552,"loss/train_price":0.02479417249560356,"loss/val_lat":0.036618947982788086,"_step":150,"loss/epoch_avg":0.41755893907845926,"loss/train_total":0.4645441770553589,"_wandb":{"runtime":111},"loss/train_lat":0.12973833084106445,"loss/val_price":0.002950272522866726,"_timestamp":1.7634635823396072e+09,"lr":0,"val/auc":0.5,"val/accuracy_metric":0.4727272727272727,"loss/val_acc":0.38169535994529724,"loss/train_acc":0.31001168489456177,"loss/train":0.4645441770553589}