{"_step":244,"loss/epoch_avg":0.4136038536203989,"loss/val_acc":0.2954312860965729,"_timestamp":1.7634591735957434e+09,"loss/val_lat":0.1791466325521469,"_runtime":230.16756694,"loss/train_total":0.4387328028678894,"_wandb":{"runtime":230},"loss/val_price":0.036385100334882736,"loss/val_total":0.5109630227088928,"val/accuracy_metric":0.5412844036697247,"loss/train_lat":0.10593029856681824,"loss/train_acc":0.3257174789905548,"val/auc":0.5625199872081869,"loss/train_price":0.007085021119564772,"loss/train":0.4387328028678894,"lr":0}